﻿1,anusha pariti,8.10599e+009,Bangalore,Independent,fully-furnished,4 BHK,2,4,bed,7500
4,Garima yadav,8.10592e+010,Bangalore,Apartment,unfurnished,3 BHK,2,5,bed,8000
7,Kamal gera,8.10599e+009,Bangalore,Apartment,semifurnished,3 BHK,1,3,bed,6500
8,Tushar kapoor,8.92654e+009,Pune,Apartment,semifurnished,3 BHK,0,3,bed,7200
11,Deepa sudhakar,7.89679e+009,Pune,Independent,fully-furnished,3 BHK,1,3,bed,8000
14,Manisha Yadav,9.86785e+009,Delhi,Independent,fully-furnished,2 BHK,1,2,room,13500
15,Shivani godha,9.87867e+009,Delhi,Independent,unfurnished,2 BHK,2,4,bed,6500
16,Rajan pandey,8.98765e+009,delhi,Independent,fully-furnished,3 BHK,1,3,bed,6500
17,Roosena manuel,9.87562e+009,Delhi,Apartment,fully-furnished,3 BHK,0,3,room,10500
18,Prabhjot gill,9.80079e+009,Delhi,Apartment,fully-furnished,3 BHK,0,3,bed,8000
19,Ankita sharma,9.98879e+009,Delhi,Independent,unfurnished,1 BHK,2,2,bed,7500
